,date,daily_return
0,2016-01-04,0.0
1,2016-01-05,0.0005363430665107344
2,2016-01-06,-0.013247056112306296
3,2016-01-07,-0.028834725566050556
4,2016-01-08,-0.011107252000969282
5,2016-01-11,0.00045122974464777794
6,2016-01-12,0.007252030755660216
7,2016-01-13,-0.027382906920060988
8,2016-01-14,0.01717762397334436
9,2016-01-15,-0.02787885152323704
10,2016-01-19,0.0013945841231253248
11,2016-01-20,-0.007275442657769939
12,2016-01-21,0.0018444941400400663
13,2016-01-22,0.027400807309494637
14,2016-01-25,-0.016767729202224874
15,2016-01-26,0.013149671983627065
16,2016-01-27,-0.015763236822486707
17,2016-01-28,0.009891433425436915
18,2016-01-29,0.026164178568768532
19,2016-02-01,-0.001629056932582833
20,2016-02-02,-0.022993922919404802
21,2016-02-03,0.004787484087873368
22,2016-02-04,0.0024523455019075787
23,2016-02-05,-0.025907444705071184
24,2016-02-08,-0.014845577096133981
25,2016-02-09,-0.00526074145659515
26,2016-02-10,0.002351945339665134
27,2016-02-11,-0.008385652926709801
28,2016-02-12,0.017415107399849184
29,2016-02-16,0.021609486979665558
30,2016-02-17,0.01943290652893553
31,2016-02-18,-0.007508463737264076
32,2016-02-19,0.0011747392364764512
33,2016-02-22,0.016581387123107656
34,2016-02-23,-0.015223963976619246
35,2016-02-24,0.0062329468763627355
36,2016-02-25,0.00886264566873255
37,2016-02-26,-0.0016856279148751191
38,2016-02-29,-0.004035995827886688
39,2016-03-01,0.02882871158498945
40,2016-03-02,0.006153221596034994
41,2016-03-03,0.004748310834776816
42,2016-03-04,0.006170500052454695
43,2016-03-07,-0.00012163951706867154
44,2016-03-08,-0.013965965545326139
45,2016-03-09,0.005796217707998547
46,2016-03-10,-0.00178008499765078
47,2016-03-11,0.018745456868623684
48,2016-03-14,-0.0014257729188487582
49,2016-03-15,-0.006724275006546116
50,2016-03-16,0.010160567170528748
51,2016-03-17,0.008747128445188514
52,2016-03-18,0.002119407662814752
53,2016-03-21,0.001705383137596037
54,2016-03-22,0.00033541940303546687
55,2016-03-23,-0.012380325204296983
56,2016-03-24,0.0001440064701760829
57,2016-03-28,0.00042716538611757766
58,2016-03-29,0.016571341162753196
59,2016-03-30,0.004907247515820871
60,2016-03-31,-0.0006475178267826354
61,2016-04-01,0.005695215971955941
62,2016-04-04,-0.006353465256732647
63,2016-04-05,-0.012194902860259654
64,2016-04-06,0.013257213071685809
65,2016-04-07,-0.014873991561412388
66,2016-04-08,0.004850724612138916
67,2016-04-11,0.0001226340064616675
68,2016-04-12,0.010475569308165403
69,2016-04-13,0.014985582048432818
70,2016-04-14,-0.0012380484374363268
71,2016-04-15,-0.0018542857903159518
72,2016-04-18,0.00599867925186199
73,2016-04-19,0.0017200400088932502
74,2016-04-20,-0.0001306371845892202
75,2016-04-21,-0.004234621955131405
76,2016-04-22,-0.005042437348186164
77,2016-04-25,-0.003095486588778495
78,2016-04-26,0.002645848610842151
79,2016-04-27,-0.0006256779840139583
80,2016-04-28,-0.010995991210208845
81,2016-04-29,-0.005846789120579798
82,2016-05-02,0.00667365231103791
83,2016-05-03,-0.014309989319916876
84,2016-05-04,-0.008567274734931792
85,2016-05-05,-0.00099672167390521
86,2016-05-06,0.004369195741955745
87,2016-05-09,-0.0005804180421106149
88,2016-05-10,0.013805355181098473
89,2016-05-11,-0.008447361000417377
90,2016-05-12,-0.003329109189861084
91,2016-05-13,-0.008025803077939288
92,2016-05-16,0.011932458914887407
93,2016-05-17,-0.010988026799796956
94,2016-05-18,0.0006210296859198676
95,2016-05-19,-0.006231984222199877
96,2016-05-20,0.011035349617563759
97,2016-05-23,-0.00140536159643156
98,2016-05-24,0.016789111089890753
99,2016-05-25,0.00782678113353946
100,2016-05-26,0.0023148412460385535
101,2016-05-27,0.004859875233162658
102,2016-05-31,0.0012932769914397405
103,2016-06-01,0.0017785498267922696
104,2016-06-02,0.004764857077607552
105,2016-06-03,-0.00037759229888160723
106,2016-06-06,0.006938798601347122
107,2016-06-07,0.0018784038525873688
108,2016-06-08,0.0043790032565274375
109,2016-06-09,-0.004631832630143378
110,2016-06-10,-0.014333290394567984
111,2016-06-13,-0.009904048727005357
112,2016-06-14,-0.0017057842488421352
113,2016-06-15,0.0009875862593024328
114,2016-06-16,0.000965473861024026
115,2016-06-17,-0.007824607390218574
116,2016-06-20,0.009622277403310243
117,2016-06-21,0.0029846647407996657
118,2016-06-22,-0.003139769416670248
119,2016-06-23,0.01699883025083378
120,2016-06-24,-0.043390828925909924
121,2016-06-27,-0.020648262044621064
122,2016-06-28,0.02135662414203977
123,2016-06-29,0.020090641451106925
124,2016-06-30,0.013086366071846399
125,2016-07-01,0.005062183284332654
126,2016-07-05,-0.011024201850539005
127,2016-07-06,0.004403530056022351
128,2016-07-07,0.0009826143107035602
129,2016-07-08,0.0180860459415175
130,2016-07-11,0.007200279713520229
131,2016-07-12,0.009130105157727633
132,2016-07-13,-0.0021066675713049573
133,2016-07-14,0.006948879005466178
134,2016-07-15,-0.0007611401145983475
135,2016-07-18,0.0052518401904297005
136,2016-07-19,-0.00476617509555532
137,2016-07-20,0.007644524435290182
138,2016-07-21,-0.00327940552332769
139,2016-07-22,0.005565806844849038
140,2016-07-25,-0.0029428867078969386
141,2016-07-26,0.003177202083956119
142,2016-07-27,0.003671422628134868
143,2016-07-28,0.001080170352560282
144,2016-07-29,0.002660007492647105
145,2016-08-01,0.001618571596987378
146,2016-08-02,-0.008577199382407023
147,2016-08-03,0.004217135744643262
148,2016-08-04,0.0026476648936088914
149,2016-08-05,0.010712162288501926
150,2016-08-08,0.0008124902129335574
151,2016-08-09,0.002625606475838997
152,2016-08-10,-0.0029192813772258926
153,2016-08-11,0.006249556390819956
154,2016-08-12,-0.0004793159757966233
155,2016-08-15,0.00642666887642766
156,2016-08-16,-0.005768501193467822
157,2016-08-17,-0.0008698453565830133
158,2016-08-18,0.004018343677742725
159,2016-08-19,-0.0015554436239954813
160,2016-08-22,-0.0019623698096463693
161,2016-08-23,0.0017014064819099342
162,2016-08-24,-0.004589761637474496
163,2016-08-25,-0.0001715325223182299
164,2016-08-26,-0.0020835816164436953
165,2016-08-29,0.004223715959108414
166,2016-08-30,-0.001730351400231988
167,2016-08-31,-0.004484061289720495
168,2016-09-01,0.002728223627073765
169,2016-09-02,0.007666762331741851
170,2016-09-06,0.007640477383838278
171,2016-09-07,0.0008537242420038787
172,2016-09-08,-0.003633125367027792
173,2016-09-09,-0.027867612022336195
174,2016-09-12,0.014004463473800764
175,2016-09-13,-0.015438637009178201
176,2016-09-14,0.0024635138667825768
177,2016-09-15,0.014031765664393646
178,2016-09-16,-0.004666624952898524
179,2016-09-19,0.0015072865134438311
180,2016-09-20,-0.0001355195454363063
181,2016-09-21,0.014859230469143142
182,2016-09-22,0.008784820238443848
183,2016-09-23,-0.007741798212581004
184,2016-09-26,-0.010539517615844107
185,2016-09-27,0.008803689070754506
186,2016-09-28,0.005144388327195069
187,2016-09-29,-0.011360258773597202
188,2016-09-30,0.007552868575270629
189,2016-10-03,-0.0002348015113464208
190,2016-10-04,-0.004875625714246802
191,2016-10-05,0.0064132219052582574
192,2016-10-06,-9.560526252262326e-05
193,2016-10-07,-0.004074486359679637
194,2016-10-10,0.008130502020648796
195,2016-10-11,-0.016506901169397042
196,2016-10-12,-0.0006161584073377893
197,2016-10-13,-0.005482915684148066
198,2016-10-14,0.00012309915975015152
199,2016-10-17,-0.002244878402970345
200,2016-10-18,0.009474503046122282
201,2016-10-19,0.002521953436648663
202,2016-10-20,-0.0020148549687900746
203,2016-10-21,0.0014428913112399916
204,2016-10-24,0.007782114117904602
205,2016-10-25,-0.003222194138124306
206,2016-10-26,-0.007211323521244629
207,2016-10-27,-0.006334374129902509
208,2016-10-28,-0.0044999095126380655
209,2016-10-31,0.0015305283529983512
210,2016-11-01,-0.008494000247631786
211,2016-11-02,-0.009328770142798905
212,2016-11-03,-0.006347125786144216
213,2016-11-04,-0.002363457187307051
214,2016-11-07,0.02605069104067008
215,2016-11-08,0.005371367738678344
216,2016-11-09,0.0036393224105461587
217,2016-11-10,-0.008213501292583707
218,2016-11-11,0.0005080713787454299
219,2016-11-14,-0.0018244003110142151
220,2016-11-15,0.011535810667125094
221,2016-11-16,-0.0001313924134067056
222,2016-11-17,0.005246574195286037
223,2016-11-18,-0.0016711934467245294
224,2016-11-21,0.008446434060609683
225,2016-11-22,0.0067114989641094795
226,2016-11-23,-0.0022869226662963183
227,2016-11-25,0.0036867145616887435
228,2016-11-28,-0.0037438491228614324
229,2016-11-29,0.0018640271841824014
230,2016-11-30,-0.005620986240368903
231,2016-12-01,-0.0106241444150851
232,2016-12-02,0.0009917578895222358
233,2016-12-05,0.009421306474014362
234,2016-12-06,0.004907042288254563
235,2016-12-07,0.013014133935407807
236,2016-12-08,0.005364071240068282
237,2016-12-09,0.003566562097492449
238,2016-12-12,-0.005521104871807516
239,2016-12-13,0.008399734450987975
240,2016-12-14,-0.011146164455274159
241,2016-12-15,0.003322346432402407
242,2016-12-16,-0.005469290203615762
243,2016-12-19,0.0019552047164166832
244,2016-12-20,0.004713992419643145
245,2016-12-21,-0.005414313007926433
246,2016-12-22,-0.006600387318085062
247,2016-12-23,0.0028707186007376814
248,2016-12-27,0.004302943219739583
249,2016-12-28,-0.00522587152911295
250,2016-12-29,0.0029540802324051776
251,2016-12-30,-0.006900252510987897
252,2017-01-03,0.008505271488524362
253,2017-01-04,0.008210789857439702
254,2017-01-05,0.0017892840427083056
255,2017-01-06,0.002563553151629508
256,2017-01-09,-0.0008352472559313516
257,2017-01-10,0.003926648235447544
258,2017-01-11,0.004379040671959971
259,2017-01-12,-0.0017855979731248683
260,2017-01-13,0.003120253501196679
261,2017-01-17,-0.004734377990562555
262,2017-01-18,0.0008474913384096096
263,2017-01-19,-0.0031101296803045277
264,2017-01-20,0.0030122525426438036
265,2017-01-23,0.0019108174628492782
266,2017-01-24,0.00824911678448392
267,2017-01-25,0.009850750305085434
268,2017-01-26,-0.001425518751375049
269,2017-01-27,-3.8843198696733485e-05
270,2017-01-30,-0.008210224468639567
271,2017-01-31,0.0008799627697231144
272,2017-02-01,0.002921584599918036
273,2017-02-02,0.00011153109460581239
274,2017-02-03,0.00672076229061206
275,2017-02-06,-0.0018323668800859412
276,2017-02-07,-0.0002475335273413187
277,2017-02-08,0.0017947211313052856
278,2017-02-09,0.006296178428665743
279,2017-02-10,0.00549008917747531
280,2017-02-13,0.004453870626382206
281,2017-02-14,0.0030006635762109884
282,2017-02-15,0.00623064277069905
283,2017-02-16,-0.001635862512201462
284,2017-02-17,0.0009730403511951599
285,2017-02-21,0.006996553236934104
286,2017-02-22,-0.0003094842853168403
287,2017-02-23,-0.0024693995392022433
288,2017-02-24,-0.0015049727887533277
289,2017-02-27,0.002139492265290624
290,2017-02-28,-0.00683006376115233
291,2017-03-01,0.013969465269326298
292,2017-03-02,-0.009144191836978052
293,2017-03-03,0.0022558030366746384
294,2017-03-06,-0.0027445110473044965
295,2017-03-07,-0.002343179149931443
296,2017-03-08,-0.0026947957861631656
297,2017-03-09,-0.0017286188962654927
298,2017-03-10,0.0054729187296506734
299,2017-03-13,0.003944390646708027
300,2017-03-14,-0.003801794733966572
301,2017-03-15,0.012293917980504429
302,2017-03-16,0.0007823416879127368
303,2017-03-17,-0.001753903594224541
304,2017-03-20,0.0016095592883252881
305,2017-03-21,-0.01648234174656789
306,2017-03-22,0.004276062289502849
307,2017-03-23,-3.665147222830923e-05
308,2017-03-24,0.0007704518265531168
309,2017-03-27,0.0002694399959891294
310,2017-03-28,0.006014713996211787
311,2017-03-29,0.003046660062081503
312,2017-03-30,0.0017620419691757937
313,2017-03-31,-0.0018310528455106841
314,2017-04-03,-0.001597052738108472
315,2017-04-04,0.0006224535019161261
316,2017-04-05,-0.005102836945186118
317,2017-04-06,0.0022910384888136454
318,2017-04-07,-0.000861053082791935
319,2017-04-10,-9.588895477192728e-05
320,2017-04-11,-0.0008584497803084714
321,2017-04-12,-0.004243172522955953
322,2017-04-13,-0.005665601109808599
323,2017-04-17,0.009495885355487734
324,2017-04-18,-0.00361776695518101
325,2017-04-19,-0.0002126244583532835
326,2017-04-20,0.010112365790817836
327,2017-04-21,-0.0012223763223193408
328,2017-04-24,0.012387681427015048
329,2017-04-25,0.007797900665348657
330,2017-04-26,-0.0003346146256844514
331,2017-04-27,0.001987894953707133
332,2017-04-28,-0.0023951418596438205
333,2017-05-01,0.00620590625158721
334,2017-05-02,0.0011542786133683948
335,2017-05-03,-0.004118369448534364
336,2017-05-04,-0.0021229251886404326
337,2017-05-05,0.005192015312486555
338,2017-05-08,-5.464398536885478e-05
339,2017-05-09,0.003664006400855088
340,2017-05-10,0.0031661114049645806
341,2017-05-11,-0.0016913983779751566
342,2017-05-12,0.00033070121796947383
343,2017-05-15,0.005974339941363555
344,2017-05-16,0.0017195472791453124
345,2017-05-17,-0.022515079436423096
346,2017-05-18,0.0018935910308474687
347,2017-05-19,0.008143356091904351
348,2017-05-22,0.005984995536787354
349,2017-05-23,0.0016812273794346608
350,2017-05-24,0.0032449384496432043
351,2017-05-25,0.005527672130398416
352,2017-05-26,0.0013411418518887745
353,2017-05-30,-0.0024098995281284273
354,2017-05-31,-0.0019353437524687244
355,2017-06-01,0.008697846090028008
356,2017-06-02,0.007653490466901241
357,2017-06-05,-0.0017256497416725312
358,2017-06-06,-0.002296014120808224
359,2017-06-07,0.0019252663466340619
360,2017-06-08,0.004447859718066334
361,2017-06-09,-0.010631280310999804
362,2017-06-12,-0.0034830887090179638
363,2017-06-13,0.006107009547172046
364,2017-06-14,-0.003175986481391361
365,2017-06-15,-0.005272893011629861
366,2017-06-16,-0.003736502040211928
367,2017-06-19,0.011625414103592167
368,2017-06-20,-0.009680709592791274
369,2017-06-21,0.0034661519493777273
370,2017-06-22,0.0016970293525253486
371,2017-06-23,0.004189643022900195
372,2017-06-26,0.0006823498166455321
373,2017-06-27,-0.012851179133465378
374,2017-06-28,0.012072036151044898
375,2017-06-29,-0.012220490024049822
376,2017-06-30,0.00115959065173908
377,2017-07-03,-0.0006883083858749377
378,2017-07-05,0.0031995088632615193
379,2017-07-06,-0.011371714095248047
380,2017-07-07,0.007821815522950058
381,2017-07-10,0.0036687771131345137
382,2017-07-11,0.003212360801463633
383,2017-07-12,0.011653194370986806
384,2017-07-13,0.002377174470487743
385,2017-07-14,0.006967624049743127
386,2017-07-17,-0.0002870613274703296
387,2017-07-18,0.002767161377158572
388,2017-07-19,0.007088627930640933
389,2017-07-20,0.0005056735338998242
390,2017-07-21,-0.0014334716139814698
391,2017-07-24,0.0026059109646719507
392,2017-07-25,0.0008673860887192812
393,2017-07-26,0.0017649592060753657
394,2017-07-27,-0.00503418845801176
395,2017-07-28,-0.0011956199258840046
396,2017-07-31,-0.002240738564949606
397,2017-08-01,0.0023419725112839647
398,2017-08-02,-0.0007583114319663029
399,2017-08-03,-0.0037658906537033315
400,2017-08-04,0.0027530608108778712
401,2017-08-07,0.004673570614896044
402,2017-08-08,-0.0017638833562902373
403,2017-08-09,-0.00395529632645304
404,2017-08-10,-0.01982396837786046
405,2017-08-11,0.004161436962592512
406,2017-08-14,0.012228636204766078
407,2017-08-15,-0.0011232974966611674
408,2017-08-16,0.0031443010998036046
409,2017-08-17,-0.017597682973881083
410,2017-08-18,0.0010573425560508709
411,2017-08-21,0.00023371402974755722
412,2017-08-22,0.012611639632178363
413,2017-08-23,-0.0015343530578001774
414,2017-08-24,-0.00039762911307301263
415,2017-08-25,0.0013632680150811212
416,2017-08-28,0.001362800834619321
417,2017-08-29,0.001454104966769964
418,2017-08-30,0.0071668822729842735
419,2017-08-31,0.007757599229443324
420,2017-09-01,0.002346239495471644
421,2017-09-05,-0.009561025682306937
422,2017-09-06,0.0036131553326267775
423,2017-09-07,0.0018873499407936008
424,2017-09-08,-0.00486134108429215
425,2017-09-11,0.011508171517244214
426,2017-09-12,0.0026408611636140516
427,2017-09-13,0.000168207791860623
428,2017-09-14,-0.0019460186899917372
429,2017-09-15,0.002639245134616488
430,2017-09-18,0.0013178490421914381
431,2017-09-19,0.0013155162400585478
432,2017-09-20,-0.0013810690285590223
433,2017-09-21,-0.0030880580456685144
434,2017-09-22,-0.0006326415341298995
435,2017-09-25,-0.007620588049999222
436,2017-09-26,0.0006758689168814925
437,2017-09-27,0.007502546634673374
438,2017-09-28,0.0005331376937532249
439,2017-09-29,0.006319351402341297
440,2017-10-02,0.003867696544169992
441,2017-10-03,0.005060165379622635
442,2017-10-04,-0.00010612605366745785
443,2017-10-05,0.0070098425379013125
444,2017-10-06,-0.0010828742789807879
445,2017-10-09,-0.0017673897098849137
446,2017-10-10,0.0034571628783253592
447,2017-10-11,0.0022589933237685666
448,2017-10-12,-0.0012506498278204525
449,2017-10-13,0.003231592046621077
450,2017-10-16,0.0013195600473032245
451,2017-10-17,-0.0009750750586976292
452,2017-10-18,0.001147040968986766
453,2017-10-19,-0.0034923827297880746
454,2017-10-20,0.003768980679513121
455,2017-10-23,-0.006479829320126589
456,2017-10-24,0.0014525042321963256
457,2017-10-25,-0.003901073239660215
458,2017-10-26,-0.001997985041246775
459,2017-10-27,0.018076039452008676
460,2017-10-30,-0.003321040372131369
461,2017-10-31,0.00512494135473244
462,2017-11-01,-0.00015494568237081385
463,2017-11-02,0.00017075056297936815
464,2017-11-03,0.00336876821699813
465,2017-11-06,0.00412535990634575
466,2017-11-07,-0.0035720713553088583
467,2017-11-08,0.0031701839834142355
468,2017-11-09,-0.0047674660560360176
469,2017-11-10,-0.001077259689619036
470,2017-11-13,0.0003230585391685239
471,2017-11-14,-0.003802677186065172
472,2017-11-15,-0.00471850256482124
473,2017-11-16,0.013892831702251569
474,2017-11-17,-0.00032584350190274227
475,2017-11-20,0.0024353618618858847
476,2017-11-21,0.010407430219060949
477,2017-11-22,0.0005315614414171566
478,2017-11-24,0.001520369310804114
479,2017-11-27,-0.003907088920681519
480,2017-11-28,0.0077270236440360185
481,2017-11-29,-0.009461903768067055
482,2017-11-30,0.002963122794141071
483,2017-12-01,-0.004054967246012526
484,2017-12-04,-0.004887757426372937
485,2017-12-05,-0.0027851497877989452
486,2017-12-06,-0.0020687878991190126
487,2017-12-07,0.003964786523342205
488,2017-12-08,0.005410609041997802
489,2017-12-11,0.004566647039980214
490,2017-12-12,-0.002131009105786873
491,2017-12-13,0.004301970045777547
492,2017-12-14,-0.004833668717868104
493,2017-12-15,0.008421649023533527
494,2017-12-18,0.008825239241302097
495,2017-12-19,-0.008848495039821365
496,2017-12-20,0.0001470286405725155
497,2017-12-21,0.001945450028097037
498,2017-12-22,0.0008829159643994642
499,2017-12-26,-0.0023948092786693783
500,2017-12-27,0.00048268438952205647
501,2017-12-28,0.0030948262308268964
502,2017-12-29,-0.003927648489471408
503,2018-01-02,0.014040138614462305
504,2018-01-03,0.007224481734895426
505,2018-01-04,0.0030842437074364345
506,2018-01-05,0.007416781979882626
507,2018-01-08,0.002194053028358753
508,2018-01-09,-0.0001234499526581309
509,2018-01-10,-0.0024813081773375155
510,2018-01-11,0.008864778813828522
511,2018-01-12,0.006989282343331099
512,2018-01-16,-0.005276449756939429
513,2018-01-17,0.01075418198893843
514,2018-01-18,-0.001404969133932937
515,2018-01-19,0.0064713896898924254
516,2018-01-22,0.00811050088262334
517,2018-01-23,0.005297265994008422
518,2018-01-24,-0.0021455635897675174
519,2018-01-25,-9.522948646949905e-05
520,2018-01-26,0.01195293173357886
521,2018-01-29,-0.007450298693724398
522,2018-01-30,-0.009976308962556352
523,2018-01-31,0.0024765262035537586
524,2018-02-01,-0.005740061766308124
525,2018-02-02,-0.021290856424222758
526,2018-02-05,-0.03884361711834815
527,2018-02-06,0.023497051923190085
528,2018-02-07,-0.012372996237683774
529,2018-02-08,-0.03727605082012225
530,2018-02-09,0.014970887701311754
531,2018-02-12,0.015113328181496782
532,2018-02-13,0.00452987808154585
533,2018-02-14,0.018795690774795367
534,2018-02-15,0.016278713617792477
535,2018-02-16,-0.0016495442007167021
536,2018-02-20,-0.004878014690724311
537,2018-02-21,-0.002081392677378446
538,2018-02-22,1.902530487060992e-05
539,2018-02-23,0.017518777108126708
540,2018-02-26,0.01081274906429163
541,2018-02-27,-0.016118463310868428
542,2018-02-28,-0.01064857966626874
543,2018-03-01,-0.010206037168715227
544,2018-03-02,0.008734551283363739
545,2018-03-05,0.008789958110003578
546,2018-03-06,0.006293259691039484
547,2018-03-07,0.0028440902710999147
548,2018-03-08,0.002685164867874457
549,2018-03-09,0.01870040761042708
550,2018-03-12,0.002585959144928363
551,2018-03-13,-0.009283957302616419
552,2018-03-14,-0.0017819838160852163
553,2018-03-15,-0.002344414568780632
554,2018-03-16,-0.0010260388356787414
555,2018-03-19,-0.01569056163458297
556,2018-03-20,0.003847114571279845
557,2018-03-21,0.00036423660387389543
558,2018-03-22,-0.026446361099422572
559,2018-03-23,-0.022996402349659002
560,2018-03-26,0.031221380764368145
561,2018-03-27,-0.023947791136239252
562,2018-03-28,-0.006331567949743604
563,2018-03-29,0.016111117447192885
564,2018-04-02,-0.024398334237375592
565,2018-04-03,0.01189006960978093
566,2018-04-04,0.011198051153562505
567,2018-04-05,0.006007652574540837
568,2018-04-06,-0.02236758200807262
569,2018-04-09,0.0042460417278946064
570,2018-04-10,0.01967969478917697
571,2018-04-11,-0.002843444213094024
572,2018-04-12,0.007730318242895083
573,2018-04-13,-0.005720363685069116
574,2018-04-16,0.0067905441865095
575,2018-04-17,0.013163494203911021
576,2018-04-18,0.003297539303047618
577,2018-04-19,-0.007237451055615951
578,2018-04-20,-0.011353440339827627
579,2018-04-23,-0.00297110210783833
580,2018-04-24,-0.012958006206017898
581,2018-04-25,-0.0009576707705225058
582,2018-04-26,0.01400000893770598
583,2018-04-27,0.001405658653522697
584,2018-04-30,-0.0075969907651084415
585,2018-05-01,0.004826097191794024
586,2018-05-02,-0.004499438813936561
587,2018-05-03,-0.0021031810146190668
588,2018-05-04,0.01344543994445367
589,2018-05-07,0.00441994569986527
590,2018-05-08,0.0018253539776506775
591,2018-05-09,0.007616568049434424
592,2018-05-10,0.01129588540100689
593,2018-05-11,0.0003511945859153199
594,2018-05-14,0.0001932591631860395
595,2018-05-15,-0.009836224434820422
596,2018-05-16,0.008659573785181144
597,2018-05-17,-0.003839713533859726
598,2018-05-18,-0.003920925738235214
599,2018-05-21,0.006329910984710361
600,2018-05-22,-0.0018661013463261843
601,2018-05-23,0.0039004024096090354
602,2018-05-24,-0.0015885670731847438
603,2018-05-25,0.0003607226996742817
604,2018-05-29,-0.009107403603581993
605,2018-05-30,0.010425255294887359
606,2018-05-31,-0.0033238950233685036
607,2018-06-01,0.012237508263484638
608,2018-06-04,0.007600937113918688
609,2018-06-05,0.0009697266682706822
610,2018-06-06,0.00859735847611329
611,2018-06-07,-0.007403275548800986
612,2018-06-08,0.0008665466034680699
613,2018-06-11,0.0016027259446836752
614,2018-06-12,0.0026573643534793887
615,2018-06-13,-0.0028979678435993206
616,2018-06-14,0.0041236088043977385
617,2018-06-15,-0.004084631682694277
618,2018-06-18,-0.0029985218648623767
619,2018-06-19,-0.005516558320762451
620,2018-06-20,0.005576309485193612
621,2018-06-21,-0.009453999965888395
622,2018-06-22,0.0010446198616930959
623,2018-06-25,-0.017495626855836385
624,2018-06-26,0.0023451518221887973
625,2018-06-27,-0.014178405643705996
626,2018-06-28,0.006853375632313036
627,2018-06-29,0.004270222316247961
628,2018-07-02,0.002396098280207042
629,2018-07-03,-0.004959257641313664
630,2018-07-05,0.008258159157838663
631,2018-07-06,0.012182420436538782
632,2018-07-09,0.010302579666967826
633,2018-07-10,-0.0003899711086528255
634,2018-07-11,-0.00923782463442234
635,2018-07-12,0.012285497923205381
636,2018-07-13,-4.526254861633835e-06
637,2018-07-16,-0.003034808501635163
638,2018-07-17,0.005584962884294423
639,2018-07-18,4.794749763935372e-05
640,2018-07-19,-0.0037725976910901377
641,2018-07-20,0.0017761020129350134
642,2018-07-23,0.00048373949978739583
643,2018-07-24,0.0034352279697740873
644,2018-07-25,0.011309921645038374
645,2018-07-26,-0.007847225149435963
646,2018-07-27,-0.00972675750467162
647,2018-07-30,-0.008425316257824184
648,2018-07-31,0.00716537092833003
649,2018-08-01,-0.0006691636783123834
650,2018-08-02,0.00537179570263073
651,2018-08-03,0.0029401915641909995
652,2018-08-06,0.0027857651917446986
653,2018-08-07,0.0046329557765834185
654,2018-08-08,-6.478082445253161e-05
655,2018-08-09,-0.0005893705775864377
656,2018-08-10,-0.00924351826505098
657,2018-08-13,-0.00578137024198795
658,2018-08-14,0.007016557504065968
659,2018-08-15,-0.014700589616190396
660,2018-08-16,0.006163783879906111
661,2018-08-17,0.003940507100969004
662,2018-08-20,0.0016275955184483723
663,2018-08-21,0.006989564818430844
664,2018-08-22,0.003484806705733815
665,2018-08-23,-0.0049012722170291186
666,2018-08-24,0.00975470573635229
667,2018-08-27,0.008726855601223571
668,2018-08-28,8.359731830296642e-05
669,2018-08-29,0.007287217731589326
670,2018-08-30,-0.007172150021951174
671,2018-08-31,0.0023389852066674297
672,2018-09-04,-0.006899271114006327
673,2018-09-05,-0.008979043224590474
674,2018-09-06,-0.005175994785895878
675,2018-09-07,-0.0030021997015849166
676,2018-09-10,-0.000186783859794284
677,2018-09-11,0.004358182706599595
678,2018-09-12,-0.0005196653525103336
679,2018-09-13,0.008149675017662259
680,2018-09-14,-0.00044776678999997483
681,2018-09-17,-0.010729348516997549
682,2018-09-18,0.007138269821826356
683,2018-09-19,0.0018923372908228563
684,2018-09-20,0.010121520829857778
685,2018-09-21,-0.0033777588418043795
686,2018-09-24,-0.003155796026734698
687,2018-09-25,0.0014580906060234753
688,2018-09-26,-0.0021861288610759465
689,2018-09-27,0.005040019862202297
690,2018-09-28,-0.0007861906725427587
691,2018-10-01,-0.000962796392922379
692,2018-10-02,-0.005592298742244764
693,2018-10-03,0.0006527838421904018
694,2018-10-04,-0.01709166011603948
695,2018-10-05,-0.00865330302987629
696,2018-10-08,-0.002628092560837067
697,2018-10-09,-0.0004424241125177294
698,2018-10-10,-0.03580636371283922
699,2018-10-11,-0.015230297229114747
700,2018-10-12,0.019666695542976023
701,2018-10-15,-0.007235960116517781
702,2018-10-16,0.026826200925810794
703,2018-10-17,-0.003093890361463305
704,2018-10-18,-0.021133573907552848
705,2018-10-19,-0.0007137795244409868
706,2018-10-22,0.002940197603147301
707,2018-10-23,-0.00646160604131819
708,2018-10-24,-0.03849137276124977
709,2018-10-25,0.025800047429626796
710,2018-10-26,-0.01832496217267105
711,2018-10-29,-0.01402872688869577
712,2018-10-30,0.017606437114309748
713,2018-10-31,0.014143670660674429
714,2018-11-01,0.019174123781104807
715,2018-11-02,-0.005472412666729534
716,2018-11-05,0.00046296732885391166
717,2018-11-06,0.00498556393234163
718,2018-11-07,0.02415470384405479
719,2018-11-08,-0.00864925121356164
720,2018-11-09,-0.016087169300594492
721,2018-11-12,-0.022618736933051786
722,2018-11-13,0.0016201269207614104
723,2018-11-14,-0.004693243920463205
724,2018-11-15,0.01643610865711205
725,2018-11-16,-4.2266561185313935e-05
726,2018-11-19,-0.023268609217847805
727,2018-11-20,-0.019007057322687884
728,2018-11-21,0.010113613907614541
729,2018-11-23,-0.00675107423253512
730,2018-11-26,0.017604939359497064
731,2018-11-27,0.0017422685460145332
732,2018-11-28,0.02712619379640557
733,2018-11-29,-0.00403739401076423
734,2018-11-30,0.004909364564493267
735,2018-12-03,0.015568730209468652
736,2018-12-04,-0.0345499186729876
737,2018-12-06,0.00030655111445633163
738,2018-12-07,-0.026141973682962127
739,2018-12-10,0.0021549441475233423
740,2018-12-11,0.002696484786126217
741,2018-12-12,0.009683658971169408
742,2018-12-13,-0.002744626218058491
743,2018-12-14,-0.019427053271394795
744,2018-12-17,-0.020015718092733274
745,2018-12-18,0.0005578805611007004
746,2018-12-19,-0.020357245823690966
747,2018-12-20,-0.010840716456093406
748,2018-12-21,-0.024300277015760846
749,2018-12-24,-0.022134138214712957
750,2018-12-26,0.048801913254437744
751,2018-12-27,0.003660273278079754
752,2018-12-28,0.0019596294328870015
753,2018-12-31,0.005817023942067436
754,2019-01-02,0.003471291030402977
755,2019-01-03,-0.025097371247754616
756,2019-01-04,0.037801012859229245
757,2019-01-07,0.01030241355893743
758,2019-01-08,0.00931673052307326
759,2019-01-09,0.009394197208484152
760,2019-01-10,0.004322599993296346
761,2019-01-11,-0.0022797462305217033
762,2019-01-14,-0.008394822241038862
763,2019-01-15,0.012968682312700496
764,2019-01-16,0.004453299870440261
765,2019-01-17,0.007341568200059291
766,2019-01-18,0.009639706973559065
767,2019-01-22,-0.01727107375256077
768,2019-01-23,0.002454836328691008
769,2019-01-24,0.005829044055473426
770,2019-01-25,0.011676376893109372
771,2019-01-28,-0.009552855812832772
772,2019-01-29,-0.004132532575815482
773,2019-01-30,0.01982614539252666
774,2019-01-31,0.011080830185384838
775,2019-02-01,-0.0029871502295339245
776,2019-02-04,0.00907611184639354
777,2019-02-05,0.007332929416834026
778,2019-02-06,-0.004450978474470914
779,2019-02-07,-0.010911760993103675
780,2019-02-08,9.121137534347956e-05
781,2019-02-11,0.000789597404752594
782,2019-02-12,0.012591267839316984
783,2019-02-13,5.619026458267935e-05
784,2019-02-14,0.0008766217735224572
785,2019-02-15,0.006829755122801465
786,2019-02-19,0.0032885453030961236
787,2019-02-20,0.002476309124549847
788,2019-02-21,-0.0033508632796860342
789,2019-02-22,0.008157875886056555
790,2019-02-25,0.004021982836279145
791,2019-02-26,-0.001865900974748873
792,2019-02-27,-0.001765870577360776
793,2019-02-28,-0.004592673105134719
794,2019-03-01,0.006090503883250384
795,2019-03-04,-0.0022770310813035135
796,2019-03-05,0.0010802002345762906
797,2019-03-06,-0.008524196249636231
798,2019-03-07,-0.012034150152743039
799,2019-03-08,-0.0025128869142394313
800,2019-03-11,0.018400810014177635
801,2019-03-12,0.004061210303356426
802,2019-03-13,0.005351846573531035
803,2019-03-14,-0.002714771585647573
804,2019-03-15,0.007233719801945929
805,2019-03-18,0.004482284027678575
806,2019-03-19,0.0004659779877770177
807,2019-03-20,-0.000898754522985335
808,2019-03-21,0.011400994621775662
809,2019-03-22,-0.02585275747431835
810,2019-03-25,0.00035555897499708314
811,2019-03-26,0.006041121843661862
812,2019-03-27,-0.006545953819960907
813,2019-03-28,0.004744010839926224
814,2019-03-29,0.0069884431769236584
815,2019-04-01,0.013161901563688058
816,2019-04-02,0.0004864286098285151
817,2019-04-03,0.005049895155625939
818,2019-04-04,0.002620388453986872
819,2019-04-05,0.0064725494075035285
820,2019-04-08,0.0008206882108691921
821,2019-04-09,-0.005299653808303055
822,2019-04-10,0.0064980791498925996
823,2019-04-11,-0.003432059977523918
824,2019-04-12,0.005263952008296491
825,2019-04-15,-0.0017553675805959078
826,2019-04-16,0.00347492950237096
827,2019-04-17,-0.00034897439803758255
828,2019-04-18,0.0001641833958054239
829,2019-04-22,-0.0005255563831770518
830,2019-04-23,0.010337025817273181
831,2019-04-24,-0.0038014862498029667
832,2019-04-25,-0.0005356569960726924
833,2019-04-26,0.004117809945777981
834,2019-04-29,0.002487217750923895
835,2019-04-30,-0.0039646964654400825
836,2019-05-01,-0.006334036656507355
837,2019-05-02,-0.0006377516678297802
838,2019-05-03,0.014490620046790477
839,2019-05-06,-0.007196353759200358
840,2019-05-07,-0.0189804928762932
841,2019-05-08,-0.002548872567165686
842,2019-05-09,-0.006686004969752612
843,2019-05-10,0.0033326457581506225
844,2019-05-13,-0.03187818109803622
845,2019-05-14,0.011521306871777184
846,2019-05-15,0.007940294869065386
847,2019-05-16,0.006114019471403617
848,2019-05-17,-0.011786333455831986
849,2019-05-20,-0.010395054350051546
850,2019-05-21,0.0111902450594942
851,2019-05-22,-0.005041384213278568
852,2019-05-23,-0.01525564911121827
853,2019-05-24,0.002276678725204595
854,2019-05-28,-0.0042366095366058055
855,2019-05-29,-0.005081551750485442
856,2019-05-30,0.0027634552271740267
857,2019-05-31,-0.011290524359998898
858,2019-06-03,-0.007148232151931073
859,2019-06-04,0.02144186211880278
860,2019-06-05,0.0032281892532948953
861,2019-06-06,0.004097960425968507
862,2019-06-07,0.012934959271748078
863,2019-06-10,0.008914794045097417
864,2019-06-11,0.0021481870415625
865,2019-06-12,-0.004603852846205132
866,2019-06-13,0.004989127309884435
867,2019-06-14,-0.005892769737955373
868,2019-06-17,0.0024916468235858503
869,2019-06-18,0.015070228236864047
870,2019-06-19,0.004340554289692969
871,2019-06-20,0.009509403127619553
872,2019-06-21,-0.004282626000024555
873,2019-06-24,-0.0038400770107772696
874,2019-06-25,-0.012101182234082183
875,2019-06-26,0.0030567378655022943
876,2019-06-27,0.007478675464931413
877,2019-06-28,0.00370954337765965
878,2019-07-01,0.010388942330006203
879,2019-07-02,0.00039476488549866726
880,2019-07-03,0.005652660040629077
881,2019-07-05,-0.0018921749331512502
882,2019-07-08,-0.007017829053790212
883,2019-07-09,0.001793841452930784
884,2019-07-10,0.006863320274478588
885,2019-07-11,-0.001184511688481431
886,2019-07-12,0.004871157709052711
887,2019-07-15,0.0009837041396037827
888,2019-07-16,-0.0029969191028435156
889,2019-07-17,-0.005371843823756783
890,2019-07-18,0.0031687840280401427
891,2019-07-19,-0.00620748275973841
892,2019-07-22,0.003513214177254407
893,2019-07-23,0.005603017023462862
894,2019-07-24,0.007385033891566111
895,2019-07-25,-0.008904629332173005
896,2019-07-26,0.008146599874877768
897,2019-07-29,-0.0034479542865131583
898,2019-07-30,-0.0014719627970829405
899,2019-07-31,-0.01166350471477608
900,2019-08-01,-0.011013997671209457
901,2019-08-02,-0.01143772554194027
902,2019-08-05,-0.03347252262183762
903,2019-08-06,0.013117247681701315
904,2019-08-07,0.0031543578224024846
905,2019-08-08,0.01943492243384662
906,2019-08-09,-0.009677178818570227
907,2019-08-12,-0.012023590788309071
908,2019-08-13,0.0166980488584157
909,2019-08-14,-0.029239724134419352
910,2019-08-15,0.0005581491729495863
911,2019-08-16,0.016440702807410088
912,2019-08-19,0.011701780092145727
913,2019-08-20,-0.005535063628827566
914,2019-08-21,0.008738118284754692
915,2019-08-22,-0.00441022141431119
916,2019-08-23,-0.026906203674497205
917,2019-08-26,0.011529841572004521
918,2019-08-27,-0.004236886807183681
919,2019-08-28,0.005713773355992732
920,2019-08-29,0.014400232654414738
921,2019-08-30,0.0001596040408467461
922,2019-09-03,-0.009223528144887434
923,2019-09-04,0.013042303774535564
924,2019-09-05,0.015942184776490207
925,2019-09-06,-0.0002775605357347084
926,2019-09-09,0.002602407903652668
927,2019-09-10,0.0014597883826183032
928,2019-09-11,0.010694387558685984
929,2019-09-12,0.0038374840817341515
930,2019-09-13,9.564790204218447e-05
931,2019-09-16,-0.003151681620356889
932,2019-09-17,0.0018051779739031238
933,2019-09-18,-0.0021370890753443744
934,2019-09-19,-0.0011621482253319235
935,2019-09-20,-0.006155207370762633
936,2019-09-23,-0.0006051220055123306
937,2019-09-24,-0.012689394795798349
938,2019-09-25,0.007694705131185698
939,2019-09-26,-0.004169202616443103
940,2019-09-27,-0.010232671116130713
941,2019-09-30,0.006128849982120675
942,2019-10-01,-0.010965295982583721
943,2019-10-02,-0.013428626385719476
944,2019-10-03,0.009285250284866249
945,2019-10-04,0.01143982875106923
946,2019-10-07,-0.004084665847598349
947,2019-10-08,-0.013769206817619829
948,2019-10-09,0.008254006372811665
949,2019-10-10,0.007314370034353059
950,2019-10-11,0.013828943240273462
951,2019-10-14,-0.0018697225588441477
952,2019-10-15,0.011137498752290097
953,2019-10-16,-0.0005188663701502592
954,2019-10-17,0.00478227791794845
955,2019-10-18,-0.0067484438204228996
956,2019-10-21,0.008586080358422949
957,2019-10-22,-0.003468565416627077
958,2019-10-23,0.0016452979354640057
959,2019-10-24,0.003900489006948973
960,2019-10-25,0.006510134790343559
961,2019-10-28,0.007997221946735774
962,2019-10-29,-0.0034842235465166755
963,2019-10-30,0.0027557039849877276
964,2019-10-31,-0.0030970737018743122
965,2019-11-01,0.011919575236376458
966,2019-11-04,0.00634421017599276
967,2019-11-05,0.0014043850727351048
968,2019-11-06,-0.0026515033146466767
969,2019-11-07,0.00403146602981515
970,2019-11-08,0.0008456408221094873
971,2019-11-11,-0.0027297639554118734
972,2019-11-12,0.0002492010637075009
973,2019-11-13,-0.0023671493661014697
974,2019-11-14,7.426211722906802e-05
975,2019-11-15,0.0070038058053241495
976,2019-11-18,-0.00039252490362003166
977,2019-11-19,0.0017000176629043803
978,2019-11-20,-0.004749169913773994
979,2019-11-21,-0.002625216126744638
980,2019-11-22,0.0013400907660174918
981,2019-11-25,0.012549200402993396
982,2019-11-26,0.0006961364527090918
983,2019-11-27,0.005255512729961114
984,2019-11-29,-0.007104400901708818
985,2019-12-02,-0.00767211631098047
986,2019-12-03,-0.0060600300100232775
987,2019-12-04,0.0061777836515316785
988,2019-12-05,0.002249895413132054
989,2019-12-06,0.009562563837543956
990,2019-12-09,-0.003573080829570722
991,2019-12-10,0.0003200524975511741
992,2019-12-11,0.005564284645534231
993,2019-12-12,0.010027261005980101
994,2019-12-13,0.000508158757808238
995,2019-12-16,0.003489394181220278
996,2019-12-17,0.0031369561188840604
997,2019-12-18,0.0017860751171828787
998,2019-12-19,0.004236496460531194
999,2019-12-20,0.002183401125818672
1000,2019-12-23,0.0011803906487694916
1001,2019-12-24,0.00022203264064939453
1002,2019-12-26,0.006000373463515581
1003,2019-12-27,-0.0005696877687913183
1004,2019-12-30,-0.005552344618211224
1005,2019-12-31,0.0019648022926514984
1006,2020-01-02,0.012694047924815252
1007,2020-01-03,-0.00966854850488428
1008,2020-01-06,0.0030977043002168945
1009,2020-01-07,-0.001424597342298147
1010,2020-01-08,0.005842627797198096
1011,2020-01-09,0.006305339532120972
1012,2020-01-10,-0.0012650742522120205
1013,2020-01-13,0.010396171002454725
1014,2020-01-14,-0.002272489361559114
1015,2020-01-15,8.021163614286599e-06
1016,2020-01-16,0.009344368648176926
1017,2020-01-17,0.00314517616084694
1018,2020-01-21,-0.007398515903702324
1019,2020-01-22,0.0025903117461013054
1020,2020-01-23,-0.0008037227490020606
1021,2020-01-24,-0.009226478091057796
1022,2020-01-27,-0.0206471638601421
1023,2020-01-28,0.011481345583178433
1024,2020-01-29,0.00026208960648994026
1025,2020-01-30,-0.0010990376162818322
1026,2020-01-31,-0.018258275429775456
1027,2020-02-03,0.011938333036182669
1028,2020-02-04,0.020309304370506518
1029,2020-02-05,0.008029565738235092
1030,2020-02-06,0.0037334407614570686
1031,2020-02-07,-0.008084689132749286
1032,2020-02-10,0.008441791701885705
1033,2020-02-11,0.004562665472112163
1034,2020-02-12,0.00927073063323323
1035,2020-02-13,-0.002872189345513477
1036,2020-02-14,0.0007157803115146581
1037,2020-02-18,-0.002200813309665003
1038,2020-02-19,0.007216590178379842
1039,2020-02-20,-0.0070848869803532815
1040,2020-02-21,-0.012669693178652956
1041,2020-02-24,-0.03551169175980855
1042,2020-02-25,-0.025622921977138554
1043,2020-02-26,0.0005210912252057412
1044,2020-02-27,-0.04061814465228897
1045,2020-02-28,-0.005075618664979974
1046,2020-03-02,0.039956296559285766
1047,2020-03-03,-0.02389172848876162
1048,2020-03-04,0.03426457373874788
1049,2020-03-05,-0.02935925158412988
1050,2020-03-06,-0.018108641714908474
1051,2020-03-09,-0.0765140661239661
1052,2020-03-10,0.04852163863024005
1053,2020-03-11,-0.04921343997159795
1054,2020-03-12,-0.09799916008960059
1055,2020-03-13,0.07876153947186187
1056,2020-03-16,-0.1213094030922059
1057,2020-03-17,0.06397457338989486
1058,2020-03-18,-0.055113715773729935
1059,2020-03-19,0.01225886313894828
1060,2020-03-20,-0.02874500055717676
1061,2020-03-23,-0.013335699404717152
1062,2020-03-24,0.08238766868933674
1063,2020-03-25,0.008512074480941528
1064,2020-03-26,0.05275285760650166
1065,2020-03-27,-0.03828993190166361
1066,2020-03-30,0.02888376180912196
1067,2020-03-31,-0.006051379583243139
1068,2020-04-01,-0.04817947885570442
1069,2020-04-02,0.021360502101141134
1070,2020-04-03,-0.018022457986100707
1071,2020-04-06,0.06827143113459919
1072,2020-04-07,0.0015881550308756332
1073,2020-04-08,0.02637011967607135
1074,2020-04-09,0.012381268577269117
1075,2020-04-13,-0.0027587179842925302
1076,2020-04-14,0.031826385350537306
1077,2020-04-15,-0.022331221460107895
1078,2020-04-16,0.007568750980170194
1079,2020-04-17,0.022805365509128425
1080,2020-04-20,-0.013192792853294697
1081,2020-04-21,-0.03106273442619701
1082,2020-04-22,0.02412877322328486
1083,2020-04-23,0.0003974602256894745
1084,2020-04-24,0.012147876423626625
1085,2020-04-27,0.018381313444793202
1086,2020-04-28,-0.004732671769981873
1087,2020-04-29,0.035073926446489524
1088,2020-04-30,-0.014222880020241212
1089,2020-05-01,-0.03181911410991434
1090,2020-05-04,0.00812927306796423
1091,2020-05-05,0.009003722398061284
1092,2020-05-06,-0.001195396794682063
1093,2020-05-07,0.011907999991042377
1094,2020-05-08,0.020893115563737356
1095,2020-05-11,0.0011258663429962589
1096,2020-05-12,-0.02029136476231904
1097,2020-05-13,-0.015696385313620102
1098,2020-05-14,0.008350294461212566
1099,2020-05-15,0.00393943698367998
1100,2020-05-18,0.033880267021403634
1101,2020-05-19,-0.00880330638512358
1102,2020-05-20,0.02008435455324365
1103,2020-05-21,-0.007584621269117353
1104,2020-05-22,-0.0015617195832404191
1105,2020-05-26,0.012207056188632933
1106,2020-05-27,0.012172833125911846
1107,2020-05-28,-0.007251639524837855
1108,2020-05-29,0.008902079730003655
1109,2020-06-01,0.008659954214423737
1110,2020-06-02,0.01088569951297124
1111,2020-06-03,0.014256409913862013
1112,2020-06-04,-0.00642358671701696
1113,2020-06-05,0.026323811651049897
1114,2020-06-08,0.010699024629773077
1115,2020-06-09,-0.003956033866039273
1116,2020-06-10,-0.0004040880238451801
1117,2020-06-11,-0.05699009773416237
1118,2020-06-12,0.014636731425803202
1119,2020-06-15,0.0077011000742296075
1120,2020-06-16,0.016799786327751916
1121,2020-06-17,-0.0013613177825193656
1122,2020-06-18,0.0011537816620537378
1123,2020-06-19,-0.003232155615937321
1124,2020-06-22,0.009822699552808062
1125,2020-06-23,0.007064956325610193
1126,2020-06-24,-0.02252955953257954
1127,2020-06-25,0.009820149139987147
1128,2020-06-26,-0.02198845272395081
1129,2020-06-29,0.014794069254613004
1130,2020-06-30,0.012555943996033362
1131,2020-07-01,0.0063921676619196266
1132,2020-07-02,0.009234966777812367
1133,2020-07-06,0.022937524674013346
1134,2020-07-07,-0.011919846995978615
1135,2020-07-08,0.01348377657612815
1136,2020-07-09,-0.002101437860657561
1137,2020-07-10,0.006704325338287
1138,2020-07-13,-0.013524774917899466
1139,2020-07-14,0.009103353321652156
1140,2020-07-15,0.010780889422451938
1141,2020-07-16,-0.00740961994776655
1142,2020-07-17,0.0027865407875063944
1143,2020-07-20,0.014449990248187806
1144,2020-07-21,0.0012432789259031532
1145,2020-07-22,0.0017430176762261154
1146,2020-07-23,-0.013942998975155383
1147,2020-07-24,-0.008179852964230242
1148,2020-07-27,0.013677770569614573
1149,2020-07-28,-0.00993285904023469
1150,2020-07-29,0.014730893287715673
1151,2020-07-30,-0.0021324282591227914
1152,2020-07-31,0.005139132713350267
1153,2020-08-03,0.011403347159810388
1154,2020-08-04,0.006340237073523655
1155,2020-08-05,0.008531688866733821
1156,2020-08-06,0.007033600975455282
1157,2020-08-07,-0.005252395389456266
1158,2020-08-10,0.0017178985750281577
1159,2020-08-11,-0.010542801150427616
1160,2020-08-12,0.015968268317345085
1161,2020-08-13,-0.0005210446765703415
1162,2020-08-14,-0.0009465040123651497
1163,2020-08-17,0.008774653433897587
1164,2020-08-18,0.0020146041488911526
1165,2020-08-19,-0.005948732966140579
1166,2020-08-20,0.00447522936319448
1167,2020-08-21,0.00290992322561859
1168,2020-08-24,0.008896150420394251
1169,2020-08-25,0.00602898284932285
1170,2020-08-26,0.009510729355870337
1171,2020-08-27,-0.001958356515103798
1172,2020-08-28,0.007707500925539312
1173,2020-08-31,-0.004422254260509811
1174,2020-09-01,0.014359560470024572
1175,2020-09-02,0.007698663691495966
1176,2020-09-03,-0.03664692174693065
1177,2020-09-04,-0.008083369441964538
1178,2020-09-08,-0.03167374604314124
1179,2020-09-09,0.021715567192935093
1180,2020-09-10,-0.0172471082775453
1181,2020-09-11,-0.0020771327518759584
1182,2020-09-14,0.018114318133212855
1183,2020-09-15,0.009100252955941687
1184,2020-09-16,-0.005452722599623622
1185,2020-09-17,-0.010220548641159847
1186,2020-09-18,-0.010271824440970807
1187,2020-09-21,-0.010000992847953185
1188,2020-09-22,0.009349163712010276
1189,2020-09-23,-0.02653462794997769
1190,2020-09-24,0.0013645463625305352
1191,2020-09-25,0.01573318252546157
1192,2020-09-28,0.018761793338803925
1193,2020-09-29,-0.003937885480153611
1194,2020-09-30,0.008087852051763943
1195,2020-10-01,0.012696532582090124
1196,2020-10-02,-0.014474393876903595
1197,2020-10-05,0.020281655017044375
1198,2020-10-06,-0.009990175492994358
1199,2020-10-07,0.016951715946870782
1200,2020-10-08,0.007881460789707225
1201,2020-10-09,0.010217649270005867
1202,2020-10-12,0.01833487239267062
1203,2020-10-13,-0.003581537656223828
1204,2020-10-14,-0.007908723633444211
1205,2020-10-15,-0.002127440882068344
1206,2020-10-16,-0.0019847466813023686
1207,2020-10-19,-0.012373172120949818
1208,2020-10-20,0.004373879017777183
1209,2020-10-21,-0.001881098477360742
1210,2020-10-22,0.004536516317027099
1211,2020-10-23,0.0038166977090407614
1212,2020-10-26,-0.016631186009297288
1213,2020-10-27,0.0015417556483798966
1214,2020-10-28,-0.033571797998677703
1215,2020-10-29,0.013367947511368383
1216,2020-10-30,-0.017038601954772987
1217,2020-11-02,0.009369209236160778
1218,2020-11-03,0.017003314925592226
1219,2020-11-04,0.02842450188843119
1220,2020-11-05,0.02331138949432968
1221,2020-11-06,-0.0004194111466162683
1222,2020-11-09,0.0032417828610344515
1223,2020-11-10,-0.005694010398663305
1224,2020-11-11,0.011448895628938194
1225,2020-11-12,-0.008493154375038232
1226,2020-11-13,0.013346736049990085
1227,2020-11-16,0.013006403601933803
1228,2020-11-17,-0.0015721607072035648
1229,2020-11-18,-0.008902640912692376
1230,2020-11-19,0.005783241068828219
1231,2020-11-20,-0.0026796859385918117
1232,2020-11-23,0.005571233936384446
1233,2020-11-24,0.015306826404408825
1234,2020-11-25,0.00019252948110450567
1235,2020-11-27,0.006894415582063336
1236,2020-11-30,-0.00933566883720813
1237,2020-12-01,0.013122631481493008
1238,2020-12-02,0.0014279607323599412
1239,2020-12-03,0.0039943135097026536
1240,2020-12-04,0.01023444744864936
1241,2020-12-07,0.001948633601440093
1242,2020-12-08,0.0046211338668789795
1243,2020-12-09,-0.01374685088436537
1244,2020-12-10,0.006136126895001839
1245,2020-12-11,-0.0035461939854079987
1246,2020-12-14,-0.0016780794455261924
1247,2020-12-15,0.014330093481436181
1248,2020-12-16,0.0026022462599829214
1249,2020-12-17,0.0074451942138729086
1250,2020-12-18,-0.004088254316796505
1251,2020-12-21,-0.005308243580100411
1252,2020-12-22,0.0013750145919714275
1253,2020-12-23,0.002266079919055049
1254,2020-12-24,0.0014231503319769312
1255,2020-12-28,0.005335897532865149
1256,2020-12-29,-0.0010176493183948487
1257,2020-12-30,0.005156139229876558
1258,2020-12-31,0.001511720916259526
1259,2021-01-04,-0.009625395978209316
1260,2021-01-05,0.012617136966557838
1261,2021-01-06,0.0023718885203224036
1262,2021-01-07,0.01794927093240875
1263,2021-01-08,0.011086374147436004
1264,2021-01-11,-0.00994498207951527
1265,2021-01-12,0.005158564548295839
1266,2021-01-13,0.0021109382830104733
1267,2021-01-14,0.003283619266186146
1268,2021-01-15,-0.010495886205082083
1269,2021-01-19,0.013247699488083244
1270,2021-01-20,0.016314163902068288
1271,2021-01-21,0.00193813364163561
1272,2021-01-22,-0.001260206096182462
1273,2021-01-25,0.005293138708935489
1274,2021-01-26,-0.0027089596323035016
1275,2021-01-27,-0.025165376683256715
1276,2021-01-28,0.004812585693378227
1277,2021-01-29,-0.020402899218373485
1278,2021-02-01,0.02359764683006348
1279,2021-02-02,0.014744501834774482
1280,2021-02-03,0.00029934389708272146
1281,2021-02-04,0.01113101104157856
1282,2021-02-05,0.006829059916482937
1283,2021-02-08,0.009735482757864322
1284,2021-02-09,0.003009255326863272
1285,2021-02-10,-0.0015759266907457597
1286,2021-02-11,0.004395185631014552
1287,2021-02-12,0.003911074108651591
1288,2021-02-16,-0.002008117620788471
1289,2021-02-17,-0.0033275799786696126
1290,2021-02-18,-0.00858824715645983
1291,2021-02-19,0.003681501555329586
1292,2021-02-22,-0.01881198290544257
1293,2021-02-23,-0.0017837037325987917
1294,2021-02-24,0.008961633365686837
1295,2021-02-25,-0.030611323857269133
1296,2021-02-26,-0.002481036843418995
1297,2021-03-01,0.029328336216158234
1298,2021-03-02,-0.013697026122687401
1299,2021-03-03,-0.016476115171654673
1300,2021-03-04,-0.019346655114224957
1301,2021-03-05,0.016152749702513288
1302,2021-03-08,-0.016683718387262597
1303,2021-03-09,0.026908905606497214
1304,2021-03-10,0.0028259376015811774
1305,2021-03-11,0.021905213281313174
1306,2021-03-12,-0.005221731249699307
1307,2021-03-15,0.006453988596689003
1308,2021-03-16,-0.0008574262293132595
1309,2021-03-17,0.004159025997946752
1310,2021-03-18,-0.024634691435104973
1311,2021-03-19,0.004394713391336777
1312,2021-03-22,0.006158031215170697
1313,2021-03-23,-0.014693632638642169
1314,2021-03-24,-0.01696481799302084
1315,2021-03-25,0.005796585435167681
1316,2021-03-26,0.01810162890177322
1317,2021-03-29,-0.0073061198700612355
1318,2021-03-30,0.0015018588916263214
1319,2021-03-31,0.010611889685482564
1320,2021-04-01,0.013380759570249527
1321,2021-04-05,0.012540065083276625
1322,2021-04-06,0.0001550424302313202
1323,2021-04-07,-0.005150179577937435
1324,2021-04-08,0.00839265725812273
1325,2021-04-09,0.0021080258391807443
1326,2021-04-12,-0.002464025619086463
1327,2021-04-13,0.005356450114604155
1328,2021-04-14,-0.0022755760212170902
1329,2021-04-15,0.010801274526680836
1330,2021-04-16,0.0019937496782958513
1331,2021-04-19,-0.007950642071361466
1332,2021-04-20,-0.010167437904402457
1333,2021-04-21,0.011462447772480735
1334,2021-04-22,-0.0081416753840438
1335,2021-04-23,0.013881114116200893
1336,2021-04-26,0.00531877493370342
1337,2021-04-27,-0.001503845559729026
1338,2021-04-28,0.0005458916427634124
1339,2021-04-29,0.0014465491800305587
1340,2021-04-30,-0.010244456582801958
1341,2021-05-03,-0.0005740295123522119
1342,2021-05-04,-0.01295167551291225
1343,2021-05-05,-0.0010524872370132206
1344,2021-05-06,0.0066598084451028996
1345,2021-05-07,0.009300525142771007
1346,2021-05-10,-0.020607010899942216
1347,2021-05-11,-0.003543359183116661
1348,2021-05-12,-0.026623078853576038
1349,2021-05-13,0.008915707984594092
1350,2021-05-14,0.020398184797110253
1351,2021-05-17,-0.002853924535998369
1352,2021-05-18,-0.003258461660658298
1353,2021-05-19,-0.0022256321754036096
1354,2021-05-20,0.012359449452777973
1355,2021-05-21,-0.004157095123211875
1356,2021-05-24,0.011724370323882174
1357,2021-05-25,0.00016320190471650367
1358,2021-05-26,0.007018799028351372
1359,2021-05-27,0.0007527404882749744
1360,2021-05-28,0.0027594046732412744
1361,2021-06-01,0.0051321067746117706
1362,2021-06-02,0.0016464330284990142
1363,2021-06-03,-0.008674676718994474
1364,2021-06-04,0.01110245014839067
1365,2021-06-07,0.0026705857505406132
1366,2021-06-08,0.0014099166899688798
1367,2021-06-09,-0.0021915275361234533
1368,2021-06-10,0.00377855329183536
1369,2021-06-11,0.0028124524743947123
1370,2021-06-14,0.003909612842159216
1371,2021-06-15,-0.004823034172549142
1372,2021-06-16,-0.005831651938606485
1373,2021-06-17,0.0034628326109176046
1374,2021-06-18,-0.012624467323872249
1375,2021-06-21,0.010087007861594624
1376,2021-06-22,0.0047163954611216434
1377,2021-06-23,0.0018617700770145568
1378,2021-06-24,0.008427986744203067
1379,2021-06-25,0.0024006661260035415
1380,2021-06-28,0.003356325501276662
1381,2021-06-29,0.0003418294265837421
1382,2021-06-30,-0.0017392715606823774
1383,2021-07-01,0.0019445939218060042
1384,2021-07-02,0.003702981075535806
1385,2021-07-06,-0.005366903092115375
1386,2021-07-07,-0.0006395252322915836
1387,2021-07-08,-0.010192086035634314
1388,2021-07-09,0.012578955991461681
1389,2021-07-12,0.0025772456967760905
1390,2021-07-13,-0.0044521539001699485
1391,2021-07-14,-0.0012847943435447618
1392,2021-07-15,-0.004075505756616102
1393,2021-07-16,-0.00884466125110804
1394,2021-07-19,-0.01262737743025864
1395,2021-07-20,0.014385863020496081
1396,2021-07-21,0.009456518016873567
1397,2021-07-22,-1.5264925473637797e-05
1398,2021-07-23,0.004524527977777441
1399,2021-07-26,-0.002543606281673182
1400,2021-07-27,-0.01172071890999573
1401,2021-07-28,0.010087933821454705
1402,2021-07-29,0.004184553989420307
1403,2021-07-30,-0.006344369092472898
1404,2021-08-02,5.0994897907151904e-05
1405,2021-08-03,0.005712621830818733
1406,2021-08-04,-0.001971540916573178
1407,2021-08-05,0.007118263004677718
1408,2021-08-06,-0.0017821904767402461
1409,2021-08-09,5.4145589421130194e-05
1410,2021-08-10,-0.0009848698716230031
1411,2021-08-11,0.001443028649664137
1412,2021-08-12,-0.0002920493488364754
1413,2021-08-13,-0.0006716439784767827
1414,2021-08-16,-0.0031762210415278067
1415,2021-08-17,-0.01103326977875294
1416,2021-08-18,-0.007383560939301337
1417,2021-08-19,-0.0036540933561986714
1418,2021-08-20,0.008936921518290918
1419,2021-08-23,0.01456219936455124
1420,2021-08-24,0.00826325715290886
1421,2021-08-25,0.0018388196450640796
1422,2021-08-26,-0.007794039243937788
1423,2021-08-27,0.013967545660696964
1424,2021-08-30,0.0047204537709817085
1425,2021-08-31,0.0026816257444383035
1426,2021-09-01,0.004823444018976165
1427,2021-09-02,0.000992969194260953
1428,2021-09-03,0.0012381484583819534
1429,2021-09-07,-0.0004359602281065435
1430,2021-09-08,-0.006842632948063853
1431,2021-09-09,-0.002698294270036607
1432,2021-09-10,-0.006773012623679629
1433,2021-09-13,0.0019203508833048374
1434,2021-09-14,-0.006456692535822427
1435,2021-09-15,0.00640933561289904
1436,2021-09-16,-0.002174726961229445
1437,2021-09-17,-0.007855245589912165
1438,2021-09-20,-0.022162609509532187
1439,2021-09-21,0.0020912885877421225
1440,2021-09-22,0.011304177123967047
1441,2021-09-23,0.011271804406572574
1442,2021-09-24,-0.0033700422530488546
1443,2021-09-27,0.0008692991623910032
1444,2021-09-28,-0.022238703445234362
1445,2021-09-29,-0.0026416726925380172
1446,2021-09-30,-0.004203814284079933
1447,2021-10-01,0.007898152880503748
1448,2021-10-04,-0.015689127986204473
1449,2021-10-05,0.009537089665550173
1450,2021-10-06,0.0012008909662854467
1451,2021-10-07,0.012388285753563058
1452,2021-10-08,-0.0030632048043635536
1453,2021-10-11,-0.006046797751005735
1454,2021-10-12,-0.0018147832651156637
1455,2021-10-13,0.0076453235939636524
1456,2021-10-14,0.014293603002068868
1457,2021-10-15,0.005813055140888316
1458,2021-10-18,0.0037676475829534336
1459,2021-10-19,0.007995614623214188
1460,2021-10-20,0.0016127762352851351
1461,2021-10-21,0.002060863508766793
1462,2021-10-22,-0.00430504370455611
1463,2021-10-25,0.008014852282615835
1464,2021-10-26,-0.001280828397591068
1465,2021-10-27,-0.005621499094992114
1466,2021-10-28,0.01054070584328468
1467,2021-10-29,-0.0008564025505554452
1468,2021-11-01,0.008697781124943743
1469,2021-11-02,0.0009586475821730193
1470,2021-11-03,0.009951930043331912
1471,2021-11-04,0.005173343510804646
1472,2021-11-05,0.0037000852313976798
1473,2021-11-08,0.0022612456146584303
1474,2021-11-09,-0.005287177678131768
1475,2021-11-10,-0.011303047905180061
1476,2021-11-11,0.0064111811824511976
1477,2021-11-12,0.006336693776337955
1478,2021-11-15,-0.001506167447265518
1479,2021-11-16,0.004193272936054515
1480,2021-11-17,-0.004069429439330928
1481,2021-11-18,0.0013319004083375068
1482,2021-11-19,-0.0004637974386696174
1483,2021-11-22,-0.007531162473910112
1484,2021-11-23,-0.0020159560356043512
1485,2021-11-24,0.0017180654947604717
1486,2021-11-26,-0.02650592105262386
1487,2021-11-29,0.011507667927092284
1488,2021-11-30,-0.014021618777333746
1489,2021-12-01,-0.012670774803104846
1490,2021-12-02,0.014044621269866922
1491,2021-12-03,-0.01560441513021132
1492,2021-12-06,0.011174722617513304
1493,2021-12-07,0.02397529116823395
1494,2021-12-08,0.004483563889691944
1495,2021-12-09,-0.012705239475196495
1496,2021-12-10,0.005810075218360286
1497,2021-12-13,-0.017034565414158948
1498,2021-12-14,-0.0076630867480819015
1499,2021-12-15,0.014844017551790116
1500,2021-12-16,-0.015743956003156284
1501,2021-12-17,-0.003970223229800493
1502,2021-12-20,-0.012309188050302181
1503,2021-12-21,0.021580108430205965
1504,2021-12-22,0.009750571058076146
1505,2021-12-23,0.006889773045863544
1506,2021-12-27,0.012167060589846193
1507,2021-12-28,-0.00387113730057062
1508,2021-12-29,-0.0005003608721589535
1509,2021-12-30,0.00046677903410256155
1510,2021-12-31,-0.004381957033685936
1511,2022-01-03,0.009014868148552388
1512,2022-01-04,-0.006069154302383498
1513,2022-01-05,-0.02604686727003249
1514,2022-01-06,0.0015835618940034614
1515,2022-01-07,-0.005623991608081712
1516,2022-01-10,-0.0006878136499770665
1517,2022-01-11,0.014580299538919622
1518,2022-01-12,0.003956631822591292
1519,2022-01-13,-0.017356624576768526
1520,2022-01-14,0.0027248036520755546
1521,2022-01-18,-0.023076044419691976
1522,2022-01-19,-0.008865921132323904
1523,2022-01-20,-0.009833112214039121
1524,2022-01-21,-0.021603653218892304
1525,2022-01-24,0.004471641363958863
1526,2022-01-25,-0.014694879455067556
1527,2022-01-26,-0.006583734317324375
1528,2022-01-27,-0.011866531784573352
1529,2022-01-28,0.022308796265604596
1530,2022-01-31,0.0290594496882012
1531,2022-02-01,0.007414468054541256
1532,2022-02-02,0.0028264093194115816
1533,2022-02-03,-0.026657036449110605
1534,2022-02-04,0.0073432668746401305
1535,2022-02-07,-0.00328425633644629
1536,2022-02-08,0.01148625339039025
1537,2022-02-09,0.01834300614251976
1538,2022-02-10,-0.017079886864579338
1539,2022-02-11,-0.021754831790313206
1540,2022-02-14,-0.0022480558822452
1541,2022-02-15,0.022874077315671783
1542,2022-02-16,0.0019962972913521015
1543,2022-02-17,-0.023583274350246132
1544,2022-02-18,-0.009568927053523675
1545,2022-02-22,-0.011813200834996903
1546,2022-02-23,-0.01987010243996832
1547,2022-02-24,0.017572483051190378
1548,2022-02-25,0.018831812703686297
1549,2022-02-28,-0.0011620144337719026
1550,2022-03-01,-0.015596276759454642
1551,2022-03-02,0.0154788850431788
1552,2022-03-03,-0.011852787922909405
1553,2022-03-04,-0.014595322223470823
1554,2022-03-07,-0.03304430042566371
1555,2022-03-08,-0.0016076946852957765
1556,2022-03-09,0.031040772223465893
1557,2022-03-10,-0.009444384638873152
1558,2022-03-11,-0.018206071538706486
1559,2022-03-14,-0.018065179830196728
1560,2022-03-15,0.020344530594435577
1561,2022-03-16,0.04166656256428328
1562,2022-03-17,0.009461756215797357
1563,2022-03-18,0.014613317989919225
1564,2022-03-21,-0.00664230617621344
1565,2022-03-22,0.015652873306945553
1566,2022-03-23,-0.013059529821080766
1567,2022-03-24,0.014655820484151103
1568,2022-03-25,-0.0006647505279149331
1569,2022-03-28,0.008114990385106876
1570,2022-03-29,0.01814884557860825
1571,2022-03-30,-0.010199998556283797
1572,2022-03-31,-0.013184236074781981
1573,2022-04-01,0.0056040618050200415
1574,2022-04-04,0.01362326007116021
1575,2022-04-05,-0.0197920320243846
1576,2022-04-06,-0.016063110845669932
1577,2022-04-07,-0.00029703077863077183
1578,2022-04-08,-0.0075054141944973
1579,2022-04-11,-0.01668069201509738
1580,2022-04-12,-0.002412326852042182
1581,2022-04-13,0.016849355265691885
1582,2022-04-14,-0.016169313020522984
1583,2022-04-18,-0.0016349308850719863
1584,2022-04-19,0.015160549000272777
1585,2022-04-20,-0.006406397348348024
1586,2022-04-21,-0.01959851327281687
1587,2022-04-22,-0.022917569319716016
1588,2022-04-25,0.006051581446558818
1589,2022-04-26,-0.03153839145853036
1590,2022-04-27,0.0016328589753215215
1591,2022-04-28,0.025727654766955543
1592,2022-04-29,-0.030317675548977362
1593,2022-05-02,0.009707484498038063
1594,2022-05-03,0.004523926041701589
1595,2022-05-04,0.02711296107163932
1596,2022-05-05,-0.04274952368858558
1597,2022-05-06,-0.01206155912558614
1598,2022-05-09,-0.03623261203239379
1599,2022-05-10,0.006247109894915581
1600,2022-05-11,-0.021291221448308174
1601,2022-05-12,-8.722162609896993e-05
1602,2022-05-13,0.03139314868152005
1603,2022-05-16,-0.0071946771826865265
1604,2022-05-17,0.02550094563539094
1605,2022-05-18,-0.039501855177267245
1606,2022-05-19,0.00013279717929567166
1607,2022-05-20,-0.0008366349789633003
1608,2022-05-23,0.014342060588320502
1609,2022-05-24,-0.016470097558412215
1610,2022-05-25,0.011947573199630246
1611,2022-05-26,0.02267294505485545
1612,2022-05-27,0.025662664433522536
1613,2022-05-31,-0.0018609143830385893
1614,2022-06-01,-0.007118416903128604
1615,2022-06-02,0.02312600308832206
1616,2022-06-03,-0.018796343635487208
1617,2022-06-06,0.0038915980954480605
1618,2022-06-07,0.009205505177604103
1619,2022-06-08,-0.007066709018794762
1620,2022-06-09,-0.026509267340964066
1621,2022-06-10,-0.027547737438347132
1622,2022-06-13,-0.04259148753751135
1623,2022-06-14,0.001931178497768189
1624,2022-06-15,0.01844300534446449
1625,2022-06-16,-0.038190845735311466
1626,2022-06-17,0.00673475808690188
1627,2022-06-21,0.021141879844217594
1628,2022-06-22,-0.004859721511366732
1629,2022-06-23,0.010920635337337857
1630,2022-06-24,0.030994060273689325
1631,2022-06-27,-0.002709662342837104
1632,2022-06-28,-0.021260417061691923
1633,2022-06-29,-0.002615721005702818
1634,2022-06-30,-0.009088754785273453
1635,2022-07-01,0.005929753249068767
1636,2022-07-05,0.007329911531917804
1637,2022-07-06,0.0005477201720048018
1638,2022-07-07,0.020308509788808642
1639,2022-07-08,0.00031432862257561
1640,2022-07-11,-0.02017701377016697
1641,2022-07-12,-0.007056358968509448
1642,2022-07-13,-0.00252034253075806
1643,2022-07-14,-0.002949068363508772
1644,2022-07-15,0.016257267745505136
1645,2022-07-18,-0.00413396712531805
1646,2022-07-19,0.028016320200597522
1647,2022-07-20,0.009784473374874328
1648,2022-07-21,0.010976268287263955
1649,2022-07-22,-0.0139169931654635
1650,2022-07-25,-7.724846992817887e-05
1651,2022-07-26,-0.012749723827670867
1652,2022-07-27,0.029866891611343684
1653,2022-07-28,0.010029639061994037
1654,2022-07-29,0.010313029619577758
1655,2022-08-01,-0.0026903548604373367
1656,2022-08-02,-0.003689535082110368
1657,2022-08-03,0.018177598497707583
1658,2022-08-04,0.0026487571748663443
1659,2022-08-05,-0.0016269877451289432
1660,2022-08-08,0.00100185960112847
1661,2022-08-09,-0.00867373513710047
1662,2022-08-10,0.023392247010910146
1663,2022-08-11,-0.0005907930572700564
1664,2022-08-12,0.017288991731215127
1665,2022-08-15,0.003707171669361591
1666,2022-08-16,-0.0006318578610222551
1667,2022-08-17,-0.010146993435470868
1668,2022-08-18,0.0017191140379525663
1669,2022-08-19,-0.01744018479571919
1670,2022-08-22,-0.02051146674906683
1671,2022-08-23,0.0005764085752770914
1672,2022-08-24,0.0032785936364267305
1673,2022-08-25,0.01732719172537004
1674,2022-08-26,-0.03277692442743062
1675,2022-08-29,-0.008366309562108949
1676,2022-08-30,-0.011812612224670359
1677,2022-08-31,-0.00434837973317207
1678,2022-09-01,-0.0029497789698359565
1679,2022-09-02,-0.011155387100888411
1680,2022-09-06,-0.007977558480978824
1681,2022-09-07,0.01776973404147239
1682,2022-09-08,0.003952626580948801
1683,2022-09-09,0.01882455636838834
1684,2022-09-12,0.012300688234053014
1685,2022-09-13,-0.04462348335619712
1686,2022-09-14,0.005706964597782276
1687,2022-09-15,-0.012514504708937592
1688,2022-09-16,-0.009524491169353192
1689,2022-09-19,0.0062885953095273405
1690,2022-09-20,-0.0093220095700784
1691,2022-09-21,-0.017048952918483695
1692,2022-09-22,-0.012078891041008531
1693,2022-09-23,-0.0195624494685748
1694,2022-09-26,-0.009931093356546003
1695,2022-09-27,0.0001018053079667895
1696,2022-09-28,0.01996537485359404
1697,2022-09-29,-0.02464578753247403
1698,2022-09-30,-0.011989313953182873
1699,2022-10-03,0.023229189339950544
1700,2022-10-04,0.03324471397621834
1701,2022-10-05,-0.002045812942203965
1702,2022-10-06,-0.007535560281635091
1703,2022-10-07,-0.03088054452865785
1704,2022-10-10,-0.009445817950488163
1705,2022-10-11,-0.009889889598480583
1706,2022-10-12,-0.0011136943009550917
1707,2022-10-13,0.020188169211995625
1708,2022-10-14,-0.024932840317421677
1709,2022-10-17,0.03022292504358897
1710,2022-10-18,0.007940275156815087
1711,2022-10-19,-0.009913359127567564
1712,2022-10-20,-0.004989812308738848
1713,2022-10-21,0.021633665275761136
1714,2022-10-24,0.00010995636307980887
1715,2022-10-25,0.0185476088736639
1716,2022-10-26,-0.005615654672818033
1717,2022-10-27,-0.009436700577784672
1718,2022-10-28,0.019805104018091428
1719,2022-10-31,-0.00623381789934576
1720,2022-11-01,-0.0005401747888942286
1721,2022-11-02,-0.02668247449346684
1722,2022-11-03,-0.009694723540608723
1723,2022-11-04,0.020592201859859473
1724,2022-11-07,0.007234271043700632
1725,2022-11-08,0.0054789418151763615
1726,2022-11-09,-0.022302611944110918
1727,2022-11-10,0.06003007252954257
1728,2022-11-11,0.016356031164955983
1729,2022-11-14,-0.00863937745572681
1730,2022-11-15,0.014817480214744029
1731,2022-11-16,-0.013702390671789808
1732,2022-11-17,-0.0029892799257876966
1733,2022-11-18,0.0010706855280337509
1734,2022-11-21,-0.00839997095478671
1735,2022-11-22,0.011102679296054067
1736,2022-11-23,0.007413894194987127
1737,2022-11-25,-0.003163434137644165
1738,2022-11-28,-0.01398337228506651
1739,2022-11-29,0.0014222168677263795
1740,2022-11-30,0.03590294213458723
1741,2022-12-01,-0.0007643987925346061
1742,2022-12-02,0.00018907345280165592
1743,2022-12-05,-0.018088221632370054
1744,2022-12-06,-0.014478579282127233
1745,2022-12-07,-0.003739657242439918
1746,2022-12-08,0.010168043327104016
1747,2022-12-09,-0.00782618089304142
1748,2022-12-12,0.00963531571728323
1749,2022-12-13,0.004940677245382703
1750,2022-12-14,-0.005441285974041293
1751,2022-12-15,-0.027929336918792153
1752,2022-12-16,-0.008015857683429134
1753,2022-12-19,-0.01091922479147705
1754,2022-12-20,0.0009482399139229067
1755,2022-12-21,0.014031880644963666
1756,2022-12-22,-0.01716160291674547
1757,2022-12-23,0.0026985513805173177
1758,2022-12-27,-0.004895684846308585
1759,2022-12-28,-0.013785373313654654
1760,2022-12-29,0.02175761358865479
1761,2022-12-30,-0.004027154970754821
1762,2023-01-03,-0.0030253899027868503
1763,2023-01-04,0.01183199319810276
1764,2023-01-05,-0.011364476465083007
1765,2023-01-06,0.024348491562576565
1766,2023-01-09,0.004332839895645266
1767,2023-01-10,0.009198439634300106
1768,2023-01-11,0.012713165072935616
1769,2023-01-12,0.007227357906879716
1770,2023-01-13,0.006158078655936714
1771,2023-01-17,-0.0008897805782811219
1772,2023-01-18,-0.012954088700974553
1773,2023-01-19,-0.005784211703965302
1774,2023-01-20,0.021102467760199126
1775,2023-01-23,0.015273806614277073
1776,2023-01-24,-0.001319283569173093
1777,2023-01-25,-7.977909271769058e-05
1778,2023-01-26,0.013122385849842641
1779,2023-01-27,0.0045474964982380375
1780,2023-01-30,-0.017332029817839403
1781,2023-01-31,0.01333308737446268
1782,2023-02-01,0.016160134437389617
1783,2023-02-02,0.019609530990425
1784,2023-02-03,-0.014045474922400486
1785,2023-02-06,-0.010512462231769226
1786,2023-02-07,0.012868279674924236
1787,2023-02-08,-0.012282318046562147
1788,2023-02-09,-0.007172280829255211
1789,2023-02-10,-0.0035882313016584355
1790,2023-02-13,0.0126999376485625
1791,2023-02-14,0.002264091972667009
1792,2023-02-15,0.003942154089207893
1793,2023-02-16,-0.011907874369715
1794,2023-02-17,-0.004892447127469245
1795,2023-02-21,-0.021851832821596424
1796,2023-02-22,-0.0004211119455864279
1797,2023-02-23,0.0069285817585391166
1798,2023-02-24,-0.015170754353350507
1799,2023-02-27,0.005262966715649924
1800,2023-02-28,-0.002670823672609744
1801,2023-03-01,0.0007050208011268738
1802,2023-03-02,0.00602371224084045
1803,2023-03-03,0.015999245627932427
1804,2023-03-06,-0.0030899633282429726
1805,2023-03-07,-0.013659899707546067
1806,2023-03-08,0.0032472618631569907
1807,2023-03-09,-0.020638664886812756
1808,2023-03-10,-0.01533101553219169
1809,2023-03-13,-0.0004021470974463348
1810,2023-03-14,0.016164731317707227
1811,2023-03-15,-0.005966468817977931
1812,2023-03-16,0.019768697423773074
1813,2023-03-17,-0.01164921660885332
1814,2023-03-20,0.00610915016893762
1815,2023-03-21,0.01382417377683984
1816,2023-03-22,-0.013736786770465088
1817,2023-03-23,0.006406667195081872
1818,2023-03-24,0.0040828957533271554
1819,2023-03-27,-0.0011596347224543668
1820,2023-03-28,2.7623204330940137e-05
1821,2023-03-29,0.013007663139997242
1822,2023-03-30,0.006661143269105748
1823,2023-03-31,0.012804638081776825
1824,2023-04-03,0.000350491333767618
1825,2023-04-04,-0.006028791952757765
1826,2023-04-05,-0.00795742807743587
1827,2023-04-06,0.004540443954640086
1828,2023-04-10,0.0023908093923522607
1829,2023-04-11,0.00044715433463802525
1830,2023-04-12,-0.0071894917451022005
1831,2023-04-13,0.015840199130634353
1832,2023-04-14,-0.004209955001109877
1833,2023-04-17,0.0045723088145325445
1834,2023-04-18,-0.0009577974823973886
1835,2023-04-19,-0.001991156785627047
1836,2023-04-20,-0.005461647670867596
1837,2023-04-21,-0.0010381037386405364
1838,2023-04-24,-0.0012145041986474133
1839,2023-04-25,-0.019414307545632246
1840,2023-04-26,0.0008027088788646184
1841,2023-04-27,0.020183931618136117
1842,2023-04-28,0.007245111013574531
1843,2023-05-01,-0.001212608596969382
1844,2023-05-02,-0.011895530544023848
1845,2023-05-03,-0.003505103863432823
1846,2023-05-04,-0.003459066736407614
1847,2023-05-05,0.01961188627146069
1848,2023-05-08,0.0006556782152076325
1849,2023-05-09,-0.005199183169013121
1850,2023-05-10,0.006100799176785639
1851,2023-05-11,-0.0014525057195717683
1852,2023-05-12,-0.00448947468117751
1853,2023-05-15,0.009141203590181382
1854,2023-05-16,-0.005444788039226881
1855,2023-05-17,0.01266954356867436
1856,2023-05-18,0.009187975411741852
1857,2023-05-19,-0.002257448337687965
1858,2023-05-22,0.0055473624850599585
1859,2023-05-23,-0.011328643127978301
1860,2023-05-24,-0.007183483705941033
1861,2023-05-25,0.009240006288210804
1862,2023-05-26,0.018298846826760227
1863,2023-05-30,-0.0013502265826074084
1864,2023-05-31,-0.007272387981754641
1865,2023-06-01,0.012270399596777403
1866,2023-06-02,0.016872519211768838
1867,2023-06-05,-0.0029238780971855105
1868,2023-06-06,0.007611849607612286
1869,2023-06-07,-0.006217469610158491
1870,2023-06-08,0.00658218357166013
1871,2023-06-09,0.0010533669677442487
1872,2023-06-12,0.009629691291768609
1873,2023-06-13,0.008709436199103892
1874,2023-06-14,0.002404506619974658
1875,2023-06-15,0.010746973658802537
1876,2023-06-16,-0.006218210762134287
1877,2023-06-20,-0.0069962137123760915
1878,2023-06-21,-0.007842518830049739
1879,2023-06-22,0.003187140921063596
1880,2023-06-23,-0.011418635520627982
1881,2023-06-26,-0.0052192019923568336
1882,2023-06-27,0.013955538736845309
1883,2023-06-28,0.0006449189221757953
1884,2023-06-29,0.0012592737732187906
1885,2023-06-30,0.010957180292228443
1886,2023-07-03,0.003844647957999805
1887,2023-07-05,-0.0035514203928739465
1888,2023-07-06,-0.011951251281675174
1889,2023-07-07,0.002693781433810378
1890,2023-07-10,0.004314556421534166
1891,2023-07-11,0.007392049092162349
1892,2023-07-12,0.013333270145973058
1893,2023-07-13,0.012485567993410983
1894,2023-07-14,-0.0033447534505614863
1895,2023-07-17,0.0067816983266074694
1896,2023-07-18,0.0056612116468852496
